Cane Briter
chromeook Reipair,787373,ruder,(1893),Batery+Digitzer (iad 6)+Device Unrepairable,Oter (Non-Daaged),Final note
Chrmebook reppair,794791,Brisco,Chromeook G7 EE,Diplay Cale (Non-Tuch)+!custom note about part,Oter (Nn-Damage),
Chroebook Repair,20d1679,rawllinson,Chromebook 2-in-1,Dell3100 2-in-1 Screen+Dell 3100 Display Cable,Posble User Neglgence,
chromebok Repaair,21F7883,Stinon,iPd 9 (2602),Updte/QC+Digitizer (iPad 7/8),anufacurer Deect,
Chromeboo,21K4928,Norwest Crossing,Latitude 390 2-in-1,Device Unrepairable+Front Camera,Posible ser Negliece,Final note
Chroebook repr,21K4928,john jay,Pad  (2197),Digitzer (iPd 6)+Headpone Jck (iPd 5/6)+!custom note about part,Manfcurer Defct,