Andrew Lopez,Cayne Brister,Christian Hernandez,Colton Casas,Diana Marcela Badillo,Daniel Edwards,Daniel Ortiz,Dawson Osborne,Devin Williams,Ivan Zamanguey,James Nesmith,John Michael Wallace,Juan Uribe,Kevin Luna,Luis Macias,Patrick Luna,Piejmc Uribe,Roman Gonzalez,Starley Gonzales,Storm Whitten,Tristen Henneke,Ben Casillas e044175,Bernice NeSmith,Billy Debner e003185,Demetrius Claiborne e074541,Gabriel SanMiguel e096636,Grant Reed e082170,Husam Al-Samti e097940,Jared Mingle e087037,Jeser Quijano,Jesus Baeza e060251,Jose Benavidez,Jonathan Eschbach e098614,Kenneth McDuffie e043918,Maryann Hernandez,Michael Little e099043,Nathaniel Ortiz e087040,Nicholas Serrata,Palmer Hansen e093167,Ray Ruiz e083194,Robert Avins e099773,Robert Irwin e084812,Roland Ramirez e061189,Rolando Umpierre e080588,Ruben Garcia e077450,Trinidad Holguin e042012,Helen Garcia,Nick"2" Garza,Rafael Sixtos,Antonio Luna,Tanner Welch,Frank Gutierrez,Gregory Word
Chromebook Repair,iPad Repair
Adams Hill,Allen,Aue,Beard,Behlau,Blattman,Boldt,Boone,Brauchle,Braun Station,Burke,Cable,Carlos Coon,Carnahan,Carson,Cody,Cole,Colonies North,Driggers,Elison,Elrod,Esparza,Evers,Fernandez,Fields,Fisher,Forester,Galm,Glass,Glenn,Glenoaks,Hatchett,Helotes,Henderson,Hoffman,Howsman,Kallison,Kay Franklin,Knowlton,Krueger,Kuentz,Langley,Leon Springs,Leon Valley,Lewis,Lieck,Linton,Locke Hill,Los Reyes,Martin,Mary Hull,May,McAndrew,McDermott,Mead,Meadow Village,Michael,Mireles,Mora,Murnin,Myers,Nichols,Northwest Crossing,Oak Hills Terrace,Ott,Passmore,Powell,Raba,Reddix,Rhodes,Scarborough,Scobee,Steubing,Thornton,Timberwilde,Tomlinson,Valley Hi,Villarreal,Wanke,Ward,Wernli,Westwood Terrace,Alternative MS,Bernal,Briscoe,Connally,Folks,Hector Garcia,Hobby,Jefferson,Jones,Jones Magnet,Jordan,Luna,Neff,Pease,Rawlinson,Rayburn,Ross,Rudder,Stevenson,John Jay,Stinson,Straus,Vale,Zachry,Alternative HS,Agriculture Academy,Brandeis,Brennan,CAST Teach,Chavev Excel Academy,Clark,Communication Arts,Construction Careers Academy,Harlan,Heatlth Careers,Holmes,John Jay Science and Engineering Academy,John Marshall,Marshall Law and Medical Services,NSITE,O'Connor,Sotomayor,Stevens,Taft,Warren
Chromebook G6 EE,Chromebook G7 EE,Chromebook G8 11 EE (Touchscreen),Chromebook G8 11/11A EE (Non-Touchscreen),Chromebook G8 11A EE (E-RATE) (Non-Touchscreen),Chromebook G9 11MK EE,Chromebook Lenovo 14e,Chromebook 3100 2-in-1,Chromebook 3100 (E-RATE),Latitude 3190 2-in-1
iPad 5 (1822),iPad 6 (1893),iPad 7 (2197),iPad 8 (2270),iPad 9 (2602)
Manufacturer Defect,Possible User Negligence,Other (Non-Damaged)
Battery,Bezel,Camera,Camera Cable,Daughterboard,Display Cable (Non-Touch),Keyboard,LCD Cover,Screen (Non-Touch),Touchpad,Software Repair,Device Unrepairable,Sent to Vendor for Repairs,Returned from Vendor Service,Update/QC
Battery,Bezel,Camera,Camera Cable,Daughterboard,Display Cable (Non-Touch),Keyboard,LCD Cover,Screen (Non-Touch),Touchpad,Software Repair,Device Unrepairable,Sent to Vendor for Repairs,Returned from Vendor Service,Update/QC
Battery,Bezel,Camera,Camera Cable,Daughterboard,Display Cable (Non-Touch),Display Cable (Touch),Keyboard,LCD Cover,Screen (Non-Touch),Screen (Touch),Touchpad,Trim Cover / Hinge Cover,Software Repair,Device Unrepairable,Sent to Vendor for Repairs,Returned from Vendor Service,Update/QC
Battery,Bezel,Camera,Camera Cable,Display Cable (Non-Touch),Keyboard,LCD Cover,Screen (Non-Touch),Touchpad,Trim Cover / Hinge Cover,Software Repair,Device Unrepairable,Sent to Vendor for Repairs,Returned from Vendor Service,Update/QC
Battery,Bezel,Camera,Daughterboard,Keyboard,LCD Cover,LCD Adhesive Strips,Lenovo Display Cable,Lenovo Hinge Cover,Lenovo Screen,Touchpad,Software Repair,Device Unrepairable,Sent to Vendor for Repairs,Returned from Vendor Service,Update/QC
Battery,Bezel,Back Camera,Front Camera,Daughterboard,Dell 3100 2-in-1 LCD Cover,Dell 3100 2-in-1 Screen,Dell 3100 Display Cable,Headphone Jack Repair,Hinge Cover,Hinge Replacement,Keyboard,Keyboard Palmrest,Touchpad,Software Repair,Device Unrepairable,Sent to Vendor for Repairs,Returned from Vendor Service,Update/QC
Battery,Bezel,Camera,Daughterboard,Dell 3100 Display Cable,Dell 3100 LCD Cover,Headphone Jack Repair,Hinge Replacement,Keyboard,Keyboard Palmrest,Screen (Touch),Touchpad,Software Repair,Device Unrepairable,Sent to Vendor for Repairs,Returned from Vendor Service,Update/QC
Battery,Bezel,Back Camera,Front Camera,Camera Cable,Daughterboard,Dell 3190 2-in-1 Screen,Display Cable,Hinge Replacement,Keyboard,Keyboard Palmrest,Dell 3190 LCD Cover,Software Repair,Touchpad,Device Unrepairable,Sent to Vendor for Repairs,Returned from Vendor Service,Update/QC
Battery,Digitizer (iPad 5),LCD Panel,Headphone Jack (iPad 5/6),Device Unrepairable,Sent to Vendor for Repairs,Returned from Vendor Service,Update/QC
Battery,Digitizer (iPad 6),LCD Panel,Headphone Jack (iPad 5/6),Device Unrepairable,Sent to Vendor for Repairs,Returned from Vendor Service,Update/QC
Battery,Digitizer (iPad 7/8),LCD Panel,Headphone Jack (iPad 7/8),Device Unrepairable,Sent to Vendor for Repairs,Returned from Vendor Service,Update/QC
Battery,Digitizer (iPad 7/8),LCD Panel,Headphone Jack (iPad 7/8),Device Unrepairable,Sent to Vendor for Repairs,Returned from Vendor Service,Update/QC
Battery,Digitizer (iPad 7/8),LCD Panel,Device Unrepairable,Sent to Vendor for Repairs,Returned from Vendor Service,Update/QC